-- phpMyAdmin SQL Dump
-- version 5.2.1
-- https://www.phpmyadmin.net/
--
-- Хост: localhost
-- Время создания: Ноя 14 2024 г., 08:12
-- Версия сервера: 10.4.28-MariaDB
-- Версия PHP: 8.2.4

SET SQL_MODE = "NO_AUTO_VALUE_ON_ZERO";
START TRANSACTION;
SET time_zone = "+00:00";


/*!40101 SET @OLD_CHARACTER_SET_CLIENT=@@CHARACTER_SET_CLIENT */;
/*!40101 SET @OLD_CHARACTER_SET_RESULTS=@@CHARACTER_SET_RESULTS */;
/*!40101 SET @OLD_COLLATION_CONNECTION=@@COLLATION_CONNECTION */;
/*!40101 SET NAMES utf8mb4 */;

--
-- База данных: `taxicap`
--

-- --------------------------------------------------------

--
-- Структура таблицы `accounts`
--

CREATE TABLE `accounts` (
  `UserId` int(11) NOT NULL,
  `UserSessionId` text NOT NULL,
  `DriverMode` int(11) NOT NULL DEFAULT 0,
  `ActiveOrder` int(11) NOT NULL DEFAULT 0,
  `UserName` text DEFAULT NULL,
  `UserPhone` bigint(11) DEFAULT NULL,
  `UserBirthday` date DEFAULT NULL,
  `UserEmail` text DEFAULT NULL,
  `UserPassword` text DEFAULT NULL,
  `UserImage` text DEFAULT NULL,
  `VehicleBrand` text DEFAULT NULL,
  `VehicleModel` text DEFAULT NULL,
  `VehicleColor` text DEFAULT NULL,
  `VehicleNumber` text DEFAULT NULL,
  `Wallet` int(11) DEFAULT NULL
) ENGINE=InnoDB DEFAULT CHARSET=utf8 COLLATE=utf8_general_ci;

--
-- Дамп данных таблицы `accounts`
--

INSERT INTO `accounts` (`UserId`, `UserSessionId`, `DriverMode`, `ActiveOrder`, `UserName`, `UserPhone`, `UserBirthday`, `UserEmail`, `UserPassword`, `UserImage`, `VehicleBrand`, `VehicleModel`, `VehicleColor`, `VehicleNumber`, `Wallet`) VALUES
(1, 'IO32oasJDFiZbO3FktneF6eZgv7fS51VJn1cNeG', 1, 0, 'Леха', 1231231231, '0000-00-00', 'iperrogames987@gmail.com', '123', '/users/20230410_165856.jpg', 'Volkswagen', 'Polo', 'Белый', 'e103aa163', 0),
(2, 'vIkzZ6lreJNZq58VyyfFY0BaIQmrGMG1Fg8oMxs', 1, 0, 'Михаил', 111111111111, '0000-00-00', 'ya@gmail.com', '123', '', 'Mitsubishi', '3000GT', 'Red', 'e763aa163', 0),
(3, 'FNrDe70ecX6MJAx349qLonsEgAcy4vSX5urZdxn', 1, 0, 'Светлана', 1232131, '0000-00-00', 'defol7@yandex.ru', '1', NULL, 'Kia', 'Rio', 'Black', '222', 0),
(6, 'xP1hdoiv6EPQYScAugAssuxRqSfya7AheJlurjl', 1, 0, 'Мишаня', 87837819898778, '0000-00-00', 'm.romanov.biz@gmail.com', '', '', 'Тачка', 'Прокачка', 'Black', '111', 0),
(7, 'cxRZ8KP5dhnFCqwYnxOsA9N5xcDtYA0dclchj8H', 0, 0, 'Михаил', 111222, '0000-00-00', 'ehot987@gmail.com', '', '', 'Volkswagen', '2112', 'Black', '1', 0),
(8, 'xoXD8M5xrZ3TGw6RckK5pZHj9dw7enwJffzHulT', 1, 0, 'Михаил', 89397561466, '0000-00-00', 'iperrogames346@gmail.com1', '', '', 'BMW', 'X5', 'Black', 'E222KP63', 0),
(9, '9vq4rLpYqKNFcjkiUyIsbWCHcuFysecTMsCoRqm', 0, 0, 'Григорий', 9397561464, NULL, 'iperrogames346@gmail.com', '', NULL, 'Volkswagen', 'Touareg', 'Серебристый', 'E222KP63', NULL),
(10, 'QmJWQz3oi9XyUS7Fvg0RZLvkoTv10G2wNit5WEC', 0, 0, 'Павел', 89397561466, NULL, 'iperrogames1337@gmail.com', '', '/users/Cos34BEIT5Y.jpg', 'BMW', '2112', 'Black', 'e103aa163', NULL);

-- --------------------------------------------------------

--
-- Структура таблицы `eatProducts`
--

CREATE TABLE `eatProducts` (
  `ProductId` int(11) NOT NULL,
  `RestaurantId` int(11) NOT NULL,
  `ProductName` text NOT NULL,
  `ProductDescr` text NOT NULL,
  `ProductWeight` int(11) NOT NULL,
  `ProductPrice` int(11) NOT NULL,
  `ProductMainImage` text DEFAULT NULL,
  `ProductSecondImage` longtext CHARACTER SET utf8mb4 COLLATE utf8mb4_bin DEFAULT NULL,
  `ProductKkal` int(11) DEFAULT NULL,
  `ProductProtein` int(11) DEFAULT NULL,
  `PrdouctFat` int(11) DEFAULT NULL,
  `ProductCarb` int(11) DEFAULT NULL
) ENGINE=InnoDB DEFAULT CHARSET=utf8mb4 COLLATE=utf8mb4_general_ci;

--
-- Дамп данных таблицы `eatProducts`
--

INSERT INTO `eatProducts` (`ProductId`, `RestaurantId`, `ProductName`, `ProductDescr`, `ProductWeight`, `ProductPrice`, `ProductMainImage`, `ProductSecondImage`, `ProductKkal`, `ProductProtein`, `PrdouctFat`, `ProductCarb`) VALUES
(1, 1, 'Паста Альфредо', 'Классическая паста с кремовым соусом', 300, 450, NULL, NULL, NULL, NULL, NULL, NULL),
(4, 1, 'Пицца: Пепперони', 'Пепперони, Сыр чеддер, Сыр сливочный, Горчица, Кетчуп', 1150, 488, '', '', 0, 0, 0, 0),
(5, 1, '1', '1', 0, 0, '/public/swiftEat/3c4494da3e0e35602a4bb303f9ab7a69.jpg', '', 0, 0, 0, 0);

-- --------------------------------------------------------

--
-- Структура таблицы `eatRestaurants`
--

CREATE TABLE `eatRestaurants` (
  `RestaurantId` int(11) NOT NULL,
  `Email` text NOT NULL,
  `Password` text NOT NULL,
  `SessionKey` text NOT NULL,
  `RestaurantName` text NOT NULL,
  `RestaurantAddress` text NOT NULL,
  `RestaurantOwner` text NOT NULL,
  `RestaurantLogo` text NOT NULL,
  `TimeUp` text NOT NULL,
  `TimeOut` text NOT NULL
) ENGINE=InnoDB DEFAULT CHARSET=utf8mb4 COLLATE=utf8mb4_general_ci;

--
-- Дамп данных таблицы `eatRestaurants`
--

INSERT INTO `eatRestaurants` (`RestaurantId`, `Email`, `Password`, `SessionKey`, `RestaurantName`, `RestaurantAddress`, `RestaurantOwner`, `RestaurantLogo`, `TimeUp`, `TimeOut`) VALUES
(1, 'test@swift-transport.ru', '123', '123456789', 'SwiftTr-Eat', 'ул.Вокзальная д.404', 'SwiftTr.Inc', '/logo/colored-short-logo.svg', '09:30', '22:00');

-- --------------------------------------------------------

--
-- Структура таблицы `eatUsers`
--

CREATE TABLE `eatUsers` (
  `UserId` int(11) NOT NULL,
  `UserEmail` text DEFAULT NULL,
  `UserPassword` text DEFAULT NULL,
  `UserSessionId` text DEFAULT NULL,
  `UserName` text DEFAULT NULL,
  `UserPhone` int(11) DEFAULT NULL,
  `UserOrders` longtext CHARACTER SET utf8mb4 COLLATE utf8mb4_bin DEFAULT NULL CHECK (json_valid(`UserOrders`)),
  `UserCart` longtext CHARACTER SET utf8mb4 COLLATE utf8mb4_bin DEFAULT NULL CHECK (json_valid(`UserCart`))
) ENGINE=InnoDB DEFAULT CHARSET=utf8mb4 COLLATE=utf8mb4_general_ci;

-- --------------------------------------------------------

--
-- Структура таблицы `orderhistory`
--

CREATE TABLE `orderhistory` (
  `UserId` int(11) NOT NULL,
  `Date` date NOT NULL,
  `DriverName` text NOT NULL,
  `DriverId` int(11) NOT NULL,
  `DriverPhone` int(11) NOT NULL,
  `AddressFrom` text NOT NULL,
  `AddressTo` text NOT NULL,
  `OrderPrice` int(11) NOT NULL
) ENGINE=InnoDB DEFAULT CHARSET=utf8 COLLATE=utf8_general_ci;

-- --------------------------------------------------------

--
-- Структура таблицы `orders`
--

CREATE TABLE `orders` (
  `id` int(11) NOT NULL,
  `OrderKey` varchar(65) NOT NULL,
  `CustomerPhone` bigint(20) DEFAULT NULL,
  `UserId` int(11) DEFAULT NULL,
  `DriverName` text DEFAULT NULL,
  `DriverId` int(11) DEFAULT NULL,
  `DriverPhone` bigint(20) DEFAULT NULL,
  `VehicleBrand` text DEFAULT NULL,
  `VehicleModel` text DEFAULT NULL,
  `VehicleColor` text DEFAULT NULL,
  `VehicleNumber` text DEFAULT NULL,
  `OrderStatus` text DEFAULT NULL,
  `CustomerName` text DEFAULT NULL,
  `LatFrom` text DEFAULT NULL,
  `LonFrom` text DEFAULT NULL,
  `LatTo` text DEFAULT NULL,
  `LonTo` text DEFAULT NULL,
  `AddressFrom` text DEFAULT NULL,
  `AddressTo` text DEFAULT NULL,
  `Price` int(11) DEFAULT NULL,
  `PaymentMethod` varchar(8) NOT NULL,
  `Date` timestamp NOT NULL DEFAULT current_timestamp(),
  `DriverImage` text DEFAULT NULL,
  `CustomerImage` text DEFAULT NULL,
  `DriverTime` int(11) DEFAULT NULL
) ENGINE=InnoDB DEFAULT CHARSET=utf8 COLLATE=utf8_general_ci;

--
-- Дамп данных таблицы `orders`
--

INSERT INTO `orders` (`id`, `OrderKey`, `CustomerPhone`, `UserId`, `DriverName`, `DriverId`, `DriverPhone`, `VehicleBrand`, `VehicleModel`, `VehicleColor`, `VehicleNumber`, `OrderStatus`, `CustomerName`, `LatFrom`, `LonFrom`, `LatTo`, `LonTo`, `AddressFrom`, `AddressTo`, `Price`, `PaymentMethod`, `Date`, `DriverImage`, `CustomerImage`, `DriverTime`) VALUES
(288, '', 1232131, 3, 'михаил', 7, 111222, 'Volkswagen', '2112', 'Black', '1', 'completed', 'Светлана', '54.4337916', '51.4663248', '54.44085545', '51.456614744961485', 'Мичурина 23', 'Вокзальная 6', 98, '', '2024-05-12 12:21:33', '', '', 0),
(289, '', 1232131, 3, 'михаил', 7, 111222, 'Volkswagen', '2112', 'Black', '1', 'completed', 'Светлана', '54.4337916', '51.4663248', '54.44085545', '51.456614744961485', 'Мичурина 23', 'Вокзальная 6', 98, '', '2024-05-12 12:24:56', '', '', 0),
(290, '', 1232131, 3, 'михаил', 7, 111222, 'Volkswagen', '2112', 'Black', '1', 'completed', 'Светлана', '54.4337916', '51.4663248', '54.44085545', '51.456614744961485', 'Мичурина 23', 'Вокзальная 6', 98, '', '2024-05-12 12:29:29', '', '', 0),
(291, '', 111222, 7, 'Светлана', 3, 1232131, 'Kia', 'Rio', 'Black', '222', 'completed', 'михаил', '54.4337916', '51.4663248', '54.42801865', '51.47789636879947', 'Чехова 33', 'Вокзальная 6', 54, '', '2024-05-12 12:30:30', '', '', 0),
(292, '', 111222, 7, 'Нина', 4, 7657567, 'VAG', '2112', 'Black', '112', 'completed', 'михаил', '54.4337916', '51.4663248', '54.42801865', '51.47789636879947', 'Чехова 33', 'Вокзальная 6', 54, '', '2024-05-12 16:05:11', '', '', 0),
(293, '', 111222, 7, 'Нина', 4, 7657567, 'VAG', '2112', 'Black', '112', 'completed', 'михаил', '54.4337916', '51.4663248', '54.42801865', '51.47789636879947', 'Чехова 33', 'Вокзальная 6', 54, '', '2024-05-12 16:08:04', '', '', 0),
(294, '', 111222, 7, 'Нина', 4, 7657567, 'VAG', '2112', 'Black', '112', 'completed', 'михаил', '54.434447750000004', '51.46570742933835', '54.42801865', '51.47789636879947', 'Чехова 33', 'Вокзальная 4', 58, '', '2024-05-12 16:09:47', '', '', 0),
(295, '', 111222, 7, 'Нина', 4, 7657567, 'VAG', '2112', 'Black', '112', 'completed', 'михаил', '54.434447750000004', '51.46570742933835', '54.42801865', '51.47789636879947', 'Чехова 33', 'Вокзальная 4', 58, '', '2024-05-12 16:11:51', '', '', 0),
(296, '', 7657567, 4, 'михаил', 7, 111222, 'Volkswagen', '2112', 'Black', '1', 'completed', 'Нина', '54.4337916', '51.4663248', '54.44085545', '51.456614744961485', 'Мичурина 23', 'Вокзальная 6', 98, '', '2024-05-12 16:14:07', '', '', 0),
(297, '', 87837819898778, 6, 'михаил', 7, 111222, 'Volkswagen', '2112', 'Black', '1', 'completed', 'M R', '54.4337916', '51.4663248', '54.44085545', '51.456614744961485', 'Мичурина 23', 'Вокзальная 6', 98, '', '2024-05-12 16:19:10', '', '', 0),
(298, '', 7657567, 4, 'михаил', 7, 111222, 'Volkswagen', '2112', 'Black', '1', 'completed', 'Нина', '54.4311372', '51.45834613414735', '54.44085545', '51.456614744961485', 'Мичурина 23', 'Вокзальная 1', 72, '', '2024-05-12 16:19:33', '', '', 0),
(299, '', 1232131, 3, 'Михаил', 7, 111222, 'Volkswagen', '2112', 'Black', '1', 'completed', 'Светлана', '54.4337916', '51.4663248', '54.44085545', '51.456614744961485', 'Мичурина 23', 'Вокзальная 6', 98, '', '2024-05-16 17:00:15', '', '', 0),
(300, '', 111222, 7, 'Светлана', 3, 1232131, 'Kia', 'Rio', 'Black', '222', 'completed', 'Михаил', '54.4337916', '51.4663248', '54.42801865', '51.47789636879947', 'Чехова 33', 'Вокзальная 6', 54, '', '2024-05-16 17:01:37', '', '', 0),
(301, '', 111222, 7, 'Светлана', 3, 1232131, 'Kia', 'Rio', 'Black', '222', 'completed', 'Михаил', '54.4337916', '51.4663248', '54.44184575', '51.46452063986889', 'Фрунзе 33', 'Вокзальная 6', 97, '', '2024-05-16 17:03:50', '', '', 0),
(307, '', 1232131, 3, 'Михаил', 8, 8, 'BMW', 'X5', '', 'E222KP63', 'completed', 'Светлана', '54.4368451', '51.4718494', '54.440855', '51.456615', 'Мичурина 23', 'Вокзальная 27', 121, '', '2024-05-28 11:10:05', NULL, NULL, 0),
(308, '', 1232131, 3, 'Михаил', 8, 8, 'BMW', 'X5', '', 'E222KP63', 'completed', 'Светлана', '54.4368451', '51.4718494', '54.440855', '51.456615', 'Мичурина 23', 'Вокзальная 27', 121, '', '2024-05-28 11:12:20', NULL, '', 0),
(322, '', 1232131, 3, 'Михаил', 8, 8, 'BMW', 'X5', '', 'E222KP63', 'completed', 'Светлана', '54.4368451', '51.4718494', '54.440855', '51.456615', 'Мичурина 23', 'Вокзальная 27', 121, '', '2024-05-28 14:58:45', NULL, '', 0),
(323, '', 1232131, 3, 'Михаил', 8, 8, 'BMW', 'X5', '', 'E222KP63', 'completed', 'Светлана', '54.4368451', '51.4718494', '54.440855', '51.456615', 'Мичурина 23', 'Вокзальная 27', 121, '', '2024-05-28 15:05:54', NULL, '', 0),
(324, '', 1232131, 3, 'Михаил', 8, 8, 'BMW', 'X5', '', 'E222KP63', 'completed', 'Светлана', '54.4368451', '51.4718494', '54.440855', '51.456615', 'Мичурина 23', 'Вокзальная 27', 121, '', '2024-05-28 15:08:36', NULL, '', 0),
(325, '', 1232131, 3, 'Михаил', 8, 8, 'BMW', 'X5', '', 'E222KP63', 'completed', 'Светлана', '54.4368451', '51.4718494', '54.440855', '51.456615', 'Мичурина 23', 'Вокзальная 27', 121, '', '2024-05-28 15:08:52', NULL, '', 0),
(326, '', 1232131, 3, 'Михаил', 8, 8, 'BMW', 'X5', '', 'E222KP63', 'completed', 'Светлана', '54.4368451', '51.4718494', '54.440855', '51.456615', 'Мичурина 23', 'Вокзальная 27', 121, '', '2024-05-28 15:10:20', NULL, '', 0),
(329, '', 1232131, 3, 'Михаил', 8, 8, 'BMW', 'X5', '', 'E222KP63', 'completed', 'Светлана', '54.4368451', '51.4718494', '54.440855', '51.456615', 'Мичурина 23', 'Вокзальная 27', 121, '', '2024-05-28 15:14:01', NULL, '', 0),
(330, '', 1232131, 3, 'Михаил', 8, 8, 'BMW', 'X5', '', 'E222KP63', 'completed', 'Светлана', '54.4368451', '51.4718494', '54.440855', '51.456615', 'Мичурина 23', 'Вокзальная 27', 121, '', '2024-05-28 15:21:40', NULL, '', 0),
(331, '', 1232131, 3, 'Михаил', 8, 8, 'BMW', 'X5', '', 'E222KP63', 'completed', 'Светлана', '54.4368451', '51.4718494', '54.440855', '51.456615', 'Мичурина 23', 'Вокзальная 27', 121, '', '2024-05-28 15:23:16', NULL, '', 0),
(332, '', 1232131, 3, 'Михаил', 8, 8, 'BMW', 'X5', '', 'E222KP63', 'completed', 'Светлана', '54.4368451', '51.4718494', '54.440855', '51.456615', 'Мичурина 23', 'Вокзальная 27', 121, '', '2024-05-28 15:53:44', NULL, '', 0),
(333, '', 1232131, 3, 'Михаил', 8, 8, 'BMW', 'X5', '', 'E222KP63', 'completed', 'Светлана', '54.4368451', '51.4718494', '54.440855', '51.456615', 'Мичурина 23', 'Вокзальная 27', 121, '', '2024-05-28 15:55:13', NULL, '', 0),
(334, '', 1232131, 3, 'Михаил', 8, 8, 'BMW', 'X5', '', 'E222KP63', 'completed', 'Светлана', '54.4368451', '51.4718494', '54.440855', '51.456615', 'Мичурина 23', 'Вокзальная 27', 121, '', '2024-05-28 15:56:46', NULL, '', 0),
(335, '', 1232131, 3, 'Михаил', 8, 8, 'BMW', 'X5', '', 'E222KP63', 'completed', 'Светлана', '54.4368451', '51.4718494', '54.440855', '51.456615', 'Мичурина 23', 'Вокзальная 27', 121, '', '2024-05-28 15:57:19', NULL, '', 0),
(336, '', 1232131, 3, 'Михаил', 8, 8, 'BMW', 'X5', '', 'E222KP63', 'completed', 'Светлана', '54.4368451', '51.4718494', '54.440855', '51.456615', 'Мичурина 23', 'Вокзальная 27', 121, '', '2024-05-28 15:59:44', NULL, '', 0),
(337, '', 1232131, 3, 'Михаил', 8, 8, 'BMW', 'X5', '', 'E222KP63', 'completed', 'Светлана', '54.4368451', '51.4718494', '54.440855', '51.456615', 'Мичурина 23', 'Вокзальная 27', 121, '', '2024-05-28 16:00:52', NULL, '', 0),
(338, '', 1232131, 3, 'Михаил', 8, 8, 'BMW', 'X5', '', 'E222KP63', 'completed', 'Светлана', '54.4368451', '51.4718494', '54.440855', '51.456615', 'Мичурина 23', 'Вокзальная 27', 121, '', '2024-05-29 07:32:12', NULL, '', 0),
(340, '', 87837819898778, 6, 'Григорий', 9, 9397561464, 'Volkswagen', 'Touareg', 'Серебристый', 'E222KP63', 'completed', 'Мишаня', '54.4325417', '51.4625309', '54.44184575', '51.46452063986889', 'Фрунзе 33', 'Вокзальная 3', 85, '', '2024-08-27 09:24:41', NULL, '', 0),
(341, '', 87837819898778, 6, 'Григорий', 9, 9397561464, 'Volkswagen', 'Touareg', 'Серебристый', 'E222KP63', 'completed', 'Мишаня', '54.440855', '51.456615', '54.4333568', '51.4651792', 'Вокзальная 6', 'Мичурина 23', 94, '', '2024-10-07 11:26:30', NULL, '', 0),
(342, '', 87837819898778, 6, 'Григорий', 9, 9397561464, 'Volkswagen', 'Touareg', 'Серебристый', 'E222KP63', 'completed', 'Мишаня', '54.423565', '51.484111', '54.432097', '51.471525', 'улица Куйбышева 21', 'Больница', 64, '', '2024-10-18 09:19:57', NULL, '', 0),
(343, '', 87837819898778, 6, 'Григорий', 9, 9397561464, 'Volkswagen', 'Touareg', 'Серебристый', 'E222KP63', 'completed', 'Мишаня', '54.4325417', '51.4625309', '54.43191695', '51.471836988584265', 'улица Куйбышева 21', 'Вокзальная 3', 37, '', '2024-10-18 09:22:05', NULL, '', 0),
(344, '', 87837819898778, 6, 'Светлана', 3, 1232131, 'Kia', 'Rio', 'Black', '222', 'completed', 'Мишаня', '54.423565', '51.484111', '54.432097', '51.471525', 'улица Куйбышева 21', 'Больница', 64, '', '2024-10-18 09:31:37', NULL, '', 0),
(345, '', 87837819898778, 6, 'Григорий', 9, 9397561464, 'Volkswagen', 'Touareg', 'Серебристый', 'E222KP63', 'completed', 'Мишаня', '54.423565', '51.484111', '54.432097', '51.471525', 'улица Куйбышева 21', 'Больница', 64, '', '2024-10-18 09:32:26', NULL, '', 0),
(346, '', 87837819898778, 6, 'Григорий', 9, 9397561464, 'Volkswagen', 'Touareg', 'Серебристый', 'E222KP63', 'completed', 'Мишаня', '54.423565', '51.484111', '54.432097', '51.471525', 'улица Куйбышева 21', 'Больница', 64, '', '2024-10-18 09:35:58', NULL, '', 0),
(347, '', 87837819898778, 6, 'Григорий', 9, 9397561464, 'Volkswagen', 'Touareg', 'Серебристый', 'E222KP63', 'completed', 'Мишаня', '54.423565', '51.484111', '54.432097', '51.471525', 'улица Куйбышева 21', 'Больница', 64, '', '2024-10-18 09:37:09', NULL, '', 0),
(348, '', 87837819898778, 6, 'Григорий', 9, 9397561464, 'Volkswagen', 'Touareg', 'Серебристый', 'E222KP63', 'completed', 'Мишаня', '54.423565', '51.484111', '54.432097', '51.471525', 'улица Куйбышева 21', 'Больница', 64, '', '2024-10-18 09:38:32', NULL, '', 0),
(349, '', 87837819898778, 6, 'Леха', 1, 1231231231, 'Volkswagen', 'Polo', 'Белый', 'e103aa163', 'completed', 'Мишаня', '54.423565', '51.484111', '54.432097', '51.471525', 'улица Куйбышева 21', 'Больница', 64, '', '2024-10-18 09:42:00', NULL, '', 0),
(350, '', 87837819898778, 6, 'Светлана', 3, 1232131, 'Kia', 'Rio', 'Black', '222', 'completed', 'Мишаня', '54.423565', '51.484111', '54.432097', '51.471525', 'улица Куйбышева 21', 'Больница', 64, '', '2024-10-18 09:45:48', NULL, '', 0),
(351, '', 87837819898778, 6, 'Леха', 1, 1231231231, 'Volkswagen', 'Polo', 'Белый', 'e103aa163', 'completed', 'Мишаня', '54.423565', '51.484111', '54.43191695', '51.471836988584265', 'улица Куйбышева 21', 'Больница', 63, '', '2024-10-18 09:47:42', NULL, '', 0),
(352, '', 87837819898778, 6, 'Леха', 1, 1231231231, 'Volkswagen', 'Polo', 'Белый', 'e103aa163', 'completed', 'Мишаня', '54.423565', '51.484111', '54.43191695', '51.471836988584265', 'улица Куйбышева 21', 'Больница', 63, '', '2024-10-18 09:48:20', NULL, '', 0),
(353, '', 87837819898778, 6, 'Леха', 1, 1231231231, 'Volkswagen', 'Polo', 'Белый', 'e103aa163', 'completed', 'Мишаня', '54.423565', '51.484111', '54.43191695', '51.471836988584265', 'улица Куйбышева 21', 'Больница', 63, '', '2024-10-18 09:50:17', NULL, '', 0),
(354, '', 87837819898778, 6, 'Леха', 1, 1231231231, 'Volkswagen', 'Polo', 'Белый', 'e103aa163', 'completed', 'Мишаня', '54.423565', '51.484111', '54.43191695', '51.471836988584265', 'улица Куйбышева 21', 'Больница', 63, '', '2024-10-18 09:52:46', NULL, '', 0),
(355, '', 87837819898778, 6, 'Леха', 1, 1231231231, 'Volkswagen', 'Polo', 'Белый', 'e103aa163', 'completed', 'Мишаня', '54.423565', '51.484111', '54.432097', '51.471525', 'улица Куйбышева 21', 'Больница', 64, '', '2024-10-18 09:53:35', NULL, '', 0),
(356, '', 87837819898778, 6, 'Леха', 1, 1231231231, 'Volkswagen', 'Polo', 'Белый', 'e103aa163', 'completed', 'Мишаня', '54.423565', '51.484111', '54.432097', '51.471525', 'улица Куйбышева 21', 'Больница', 64, '', '2024-10-18 09:54:59', NULL, '', 0),
(357, '', 87837819898778, 6, 'Леха', 1, 1231231231, 'Volkswagen', 'Polo', 'Белый', 'e103aa163', 'completed', 'Мишаня', '54.423565', '51.484111', '54.432097', '51.471525', 'улица Куйбышева 21', 'Больница', 64, '', '2024-10-18 09:59:35', NULL, '', 0),
(358, '', 87837819898778, 6, 'Светлана', 3, 1232131, 'Kia', 'Rio', 'Black', '222', 'completed', 'Мишаня', '54.423565', '51.484111', '54.43191695', '51.471836988584265', 'улица Куйбышева 21', 'Больница', 63, '', '2024-10-18 10:02:10', NULL, '', 0),
(359, '', 87837819898778, 6, 'Леха', 1, 1231231231, 'Volkswagen', 'Polo', 'Белый', 'e103aa163', 'completed', 'Мишаня', '54.423565', '51.484111', '54.432097', '51.471525', 'улица Куйбышева 21', 'Больница', 64, '', '2024-10-18 10:05:53', NULL, '', 0),
(360, '', 87837819898778, 6, 'Светлана', 3, 1232131, 'Kia', 'Rio', 'Black', '222', 'completed', 'Мишаня', '54.423565', '51.484111', '54.43191695', '51.471836988584265', 'улица Куйбышева 21', 'Больница', 63, '', '2024-10-18 10:06:37', NULL, '', 0),
(361, '', 87837819898778, 6, 'Леха', 1, 1231231231, 'Volkswagen', 'Polo', 'Белый', 'e103aa163', 'completed', 'Мишаня', '54.423565', '51.484111', '54.432097', '51.471525', 'улица Куйбышева 21', 'Больница', 64, '', '2024-10-18 10:25:20', NULL, '', 0),
(362, '', 87837819898778, 6, 'Леха', 1, 1231231231, 'Volkswagen', 'Polo', 'Белый', 'e103aa163', 'completed', 'Мишаня', '54.423565', '51.484111', '54.432097', '51.471525', 'улица Куйбышева 21', 'Больница', 64, '', '2024-10-18 10:26:42', NULL, '', 0),
(363, '', 87837819898778, 6, 'Григорий', 9, 9397561464, 'Volkswagen', 'Touareg', 'Серебристый', 'E222KP63', 'completed', 'Мишаня', '54.423565', '51.484111', '54.432097', '51.471525', 'улица Куйбышева 21', 'Больница', 64, 'Наличные', '2024-10-18 12:25:30', NULL, '', 0),
(364, '', 87837819898778, 6, 'Григорий', 9, 9397561464, 'Volkswagen', 'Touareg', 'Серебристый', 'E222KP63', 'completed', 'Мишаня', '54.423565', '51.484111', '54.432097', '51.471525', 'улица Куйбышева 21', 'Больница', 64, 'Перевод', '2024-10-18 12:26:15', NULL, '', 0),
(365, '', 87837819898778, 6, 'Григорий', 9, 9397561464, 'Volkswagen', 'Touareg', 'Серебристый', 'E222KP63', 'completed', 'Мишаня', '54.423565', '51.484111', '54.432097', '51.471525', 'улица Куйбышева 21', 'Больница', 64, 'Перевод', '2024-10-18 12:29:46', NULL, '', 0),
(366, '', 87837819898778, 6, 'Григорий', 9, 9397561464, 'Volkswagen', 'Touareg', 'Серебристый', 'E222KP63', 'completed', 'Мишаня', '54.423565', '51.484111', '54.432097', '51.471525', 'улица Куйбышева 21', 'Больница', 64, 'Перевод', '2024-10-18 12:30:28', NULL, '', 0),
(367, 'yA1GlpwrIXT5Czb3cTlOcT0l1mYAJdB9TkcqUqgnX11neybl2kt5VTKjbHutXcf3q', 9397561466, 10, 'Мишаня', 6, 87837819898778, 'Тачка', 'Прокачка', 'Black', '111', 'completed', 'Павел', '54.440855', '51.456615', '54.4333568', '51.4651792', 'Novo-Sadovaya Street 200', 'Вокзальная 6', 139, 'Наличные', '2024-10-22 20:28:14', NULL, NULL, 0),
(368, 'zOh52Yd0cEi7KxNemsclZz3fm9J9STi89rrXnYCEmNRVGbgfLcf1sG2l5NpwHJDie', 9397561466, 10, 'Мишаня', 6, 87837819898778, 'Тачка', 'Прокачка', 'Black', '111', 'completed', 'Павел', '54.440855', '51.456615', '54.4333568', '51.4651792', 'Мичурина 23', 'Вокзальная 6', 139, 'Наличные', '2024-10-23 04:46:52', NULL, NULL, 0),
(369, 'dxP21hv9zbXHvQpGAbVxMoRYC4gYy9cBVVhgYpGde7hMVgrLmgsuqo228bxLODXI5', 87837819898778, 6, 'Павел', 10, 9397561466, 'BMW', 'Touareg', 'Серый', 'e103aa163', 'completed', 'Мишаня', '54.440855', '51.456615', '54.4333568', '51.4651792', 'Мичурина 23', 'Вокзальная 6', 139, 'Наличные', '2024-10-23 11:49:12', NULL, '', 0),
(370, 'WuoMx830iLOVBCw6JOQBblsbb9wgrH4hRYecu4P51jGboWPYGV2JZTO5ckDCEHzP1', 87837819898778, 6, 'Павел', 10, 9397561466, 'BMW', 'Touareg', 'Серый', 'e103aa163', 'completed', 'Мишаня', '54.440855', '51.456615', '54.4333568', '51.4651792', 'Мичурина 23', 'Вокзальная 6', 139, 'Наличные', '2024-10-23 11:49:50', NULL, '', 0),
(371, 'nDvRKYljeZMVuOu9ccrBp3aAaApSXMID9XAnmBpMsYWHKyh2rpaYyKhIDSeorESnO', 87837819898778, 6, 'Павел', 10, 9397561466, 'BMW', 'Touareg', 'Серый', 'e103aa163', 'completed', 'Мишаня', '54.440855', '51.456615', '54.4333568', '51.4651792', 'Мичурина 23', 'Вокзальная 6', 139, 'Наличные', '2024-10-23 11:55:18', NULL, '', 0),
(372, 'A0SwMvFEUQ02ZZQclknQFiDEzn1j9zuoo8Ui36nEIDub8DTQ7B1iyzCVfUH1E6uEO', 87837819898778, 6, 'Павел', 10, 9397561466, 'BMW', 'Touareg', 'Серый', 'e103aa163', 'completed', 'Мишаня', '54.440855', '51.456615', '54.4333568', '51.4651792', 'Мичурина 23', 'Вокзальная 6', 139, 'Наличные', '2024-10-24 11:35:12', NULL, '', 0),
(373, 'rVbVa432aNopNDZtTZG3TsQM4ysWrrXMfH7pY0oU5Rugi9PP0KD2zsIdmnqhthUXc', 87837819898778, 6, 'Павел', 10, 9397561466, 'BMW', 'Touareg', 'Серый', 'e103aa163', 'completed', 'Мишаня', '54.440855', '51.456615', '54.4333568', '51.4651792', 'Мичурина 23', 'Вокзальная 6', 139, 'Наличные', '2024-10-24 11:55:01', NULL, '', 0),
(374, 'xgqRIXCHcNXX6powLuVexMxGFzbA24cmiVKQnWAK7QaNOLrYSCw7aCDsUgB7UzS5E', 87837819898778, 6, 'Павел', 10, 9397561466, 'BMW', 'Touareg', 'Серый', 'e103aa163', 'completed', 'Мишаня', '54.440855', '51.456615', '54.4333568', '51.4651792', 'Мичурина 23', 'Вокзальная 6', 139, 'Наличные', '2024-10-24 11:58:54', NULL, '', 0),
(375, 'U2his0hENdnAJLRO8EJ0VYCeioP7OSnKyJJ8Iacsw8YlgGAvFn7l3RooSbJZCAVSa', 87837819898778, 6, 'Павел', 10, 9397561466, 'BMW', 'Touareg', 'Серый', 'e103aa163', 'completed', 'Мишаня', '54.440855', '51.456615', '54.4333568', '51.4651792', 'Мичурина 23', 'Вокзальная 6', 139, 'Наличные', '2024-10-24 12:11:44', NULL, '', 0),
(376, 'qqZx6tvbRUEzVOkXxG4J4CFkJ4fNZrzevvdC8DZgxudBcjagNAAsLEiPaVLzbmtn9', 87837819898778, 6, 'Павел', 10, 9397561466, 'BMW', 'Touareg', 'Серый', 'e103aa163', 'completed', 'Мишаня', '54.440855', '51.456615', '54.4333568', '51.4651792', 'Мичурина 23', 'Вокзальная 6', 139, 'Наличные', '2024-10-24 12:17:12', NULL, '', 0),
(377, 'PhvGT6kN9V56RJE0ZdYXmxXG8hwLOpZPiKoV5chmsIuourL8WNguK4MjL6BIcU4id', 87837819898778, 6, 'Павел', 10, 9397561466, 'BMW', 'Touareg', 'Серый', 'e103aa163', 'completed', 'Мишаня', '54.440855', '51.456615', '54.4333568', '51.4651792', 'Мичурина 23', 'Вокзальная 6', 139, 'Наличные', '2024-10-24 17:43:02', NULL, '', 0),
(378, 'xEQmgPgM1GXm60iOTDTsmE5yzV5foZb2KG9CgrTjsjvsZrYIylB5zGYzoU1Dnr8cI', 87837819898778, 6, 'Павел', 10, 9397561466, 'BMW', 'Touareg', 'Серый', 'e103aa163', 'completed', 'Мишаня', '54.440855', '51.456615', '54.4333568', '51.4651792', 'Мичурина 23', 'Вокзальная 6', 139, 'Наличные', '2024-10-24 17:56:21', NULL, '', 0),
(379, 'UPrlalhVlIr2O0BjdIR0BBZyNu7CKNaLh4IZTjqYl1SGtiEWOHi9hYiZEWPSZykN3', 87837819898778, 6, 'Павел', 10, 9397561466, 'BMW', 'Touareg', 'Серый', 'e103aa163', 'completed', 'Мишаня', '54.440855', '51.456615', '54.4333568', '51.4651792', 'Мичурина 23', 'Вокзальная 6', 139, 'Наличные', '2024-10-24 18:12:11', NULL, '', 0),
(380, 'bUAVaDeSYuGi2mbiCUD13nodjmbhDfaaFjfziMEpZltYVCEn4i6fVRPXFIrElNrMw', 87837819898778, 6, 'Павел', 10, 9397561466, 'BMW', 'Touareg', 'Серый', 'e103aa163', 'completed', 'Мишаня', '54.440855', '51.456615', '54.4333568', '51.4651792', 'Мичурина 23', 'Вокзальная 6', 139, 'Наличные', '2024-10-24 18:13:24', NULL, '', 0),
(381, '5D6NVQ8RdXQEtODdkzxMRP2Aa5J5ZZWZ2stionUPcSctIOXhdDkGfwONQ65dIh4ig', 87837819898778, 6, 'Павел', 10, 9397561466, 'BMW', 'Touareg', 'Серый', 'e103aa163', 'completed', 'Мишаня', '54.440855', '51.456615', '54.4333568', '51.4651792', 'Мичурина 23', 'Вокзальная 6', 139, 'Наличные', '2024-10-24 18:42:37', NULL, '', 0),
(382, 'a7Q3nsrHvi5ueOPdTTPdo4ZYv4H7uI1kBEb2xRxN5FkTVi67pUdUtRtzOEXCs68HE', 87837819898778, 6, 'Павел', 10, 9397561466, 'BMW', 'Touareg', 'Серый', 'e103aa163', 'completed', 'Мишаня', '54.440855', '51.456615', '54.4333568', '51.4651792', 'Мичурина 23', 'Вокзальная 6', 139, 'Наличные', '2024-10-24 18:43:13', NULL, '', 0),
(383, 'N5WhfNlQNK41q5kJTQxSGLuCiSjjUigxwHBaYLFKezOrzvNDme7X7yDbycya4TsqX', 87837819898778, 6, 'Павел', 10, 9397561466, 'BMW', 'Touareg', 'Серый', 'e103aa163', 'completed', 'Мишаня', '54.440855', '51.456615', '54.4333568', '51.4651792', 'Мичурина 23', 'Вокзальная 6', 139, 'Наличные', '2024-10-24 18:59:11', NULL, '', 0),
(384, 'WbGgOCKQB1IZzgw1QiBUfRNadjwEDPHSWWXKIcIzQqbsFRShioSg6vtrGzwJXmPFO', 87837819898778, 6, 'Павел', 10, 9397561466, 'BMW', 'Touareg', 'Серый', 'e103aa163', 'completed', 'Мишаня', '54.440855', '51.456615', '54.4333568', '51.4651792', 'Мичурина 23', 'Вокзальная 6', 139, 'Наличные', '2024-10-24 19:09:13', NULL, '', 0),
(385, 'vXtguauP99uQpnes68iv62nqbXZIzhk3ZY2LsuBVU4QvoyOaCfHcm4z3jbCCfxgb6', 87837819898778, 6, 'Павел', 10, 9397561466, 'BMW', 'Touareg', 'Серый', 'e103aa163', 'completed', 'Мишаня', '54.440855', '51.456615', '54.4333568', '51.4651792', 'Мичурина 23', 'Вокзальная 6', 139, 'Наличные', '2024-10-24 19:11:34', NULL, '', 0),
(386, 'nQsIyvjUyrrEStKtxHRUpSOxfSfkBCRM23rLGXHy19xrGnTS7e9usuFMmvcXL2Q1q', 87837819898778, 6, 'Павел', 10, 9397561466, 'BMW', 'Touareg', 'Серый', 'e103aa163', 'completed', 'Мишаня', '54.440855', '51.456615', '54.4333568', '51.4651792', 'Мичурина 23', 'Вокзальная 6', 139, 'Наличные', '2024-10-24 19:12:43', NULL, '', 0),
(387, 'bKUoV0pXYN2DSJGSXcNDFYRTmccUbLzZ5uj6UdGJaXmmA2HZoWo7r7tFjKDEUWYMk', 87837819898778, 6, 'Павел', 10, 9397561466, 'BMW', 'Touareg', 'Серый', 'e103aa163', 'completed', 'Мишаня', '54.440855', '51.456615', '54.4333568', '51.4651792', 'Novo-Sadovaya Street 200', 'Вокзальная 6', 139, 'Наличные', '2024-10-24 19:13:29', NULL, '', 0),
(388, 'qkYR5J8NkxXsDoTv8VJaKFEb7e7k8ZOrVc53N0K1lvyNHKewz3uCj9IUhcfPZczXj', 87837819898778, 6, 'Павел', 10, 9397561466, 'BMW', 'Touareg', 'Серый', 'e103aa163', 'completed', 'Мишаня', '54.440855', '51.456615', '54.4333568', '51.4651792', 'Мичурина 23', 'Вокзальная 6', 139, 'Наличные', '2024-10-24 19:14:41', NULL, '', 0),
(389, '1Y56nfg2qvX7LdT6JpwlAzejTP8ps0dWeNvJWurZshWD71LTAjA4xUiMS2K6b3HDx', 87837819898778, 6, 'Павел', 10, 9397561466, 'BMW', 'Touareg', 'Серый', 'e103aa163', 'completed', 'Мишаня', '54.440855', '51.456615', '54.4333568', '51.4651792', 'Мичурина 23', 'Вокзальная 6', 139, 'Наличные', '2024-10-24 20:36:19', NULL, '', 0),
(390, '4BJHapAarqoedKC6y777liwD1WHc3azsmeb0ArGMY1W2D7vh9MvUJNe867HpYVbkP', 87837819898778, 6, 'Павел', 10, 9397561466, 'BMW', 'Touareg', 'Серый', 'e103aa163', 'completed', 'Мишаня', '54.440855', '51.456615', '54.4333568', '51.4651792', 'Мичурина 23', 'Вокзальная 6', 139, 'Наличные', '2024-10-24 20:47:45', NULL, '', 0),
(391, 'fwzxwBz8gcg0nfp4YsA8NdPJtF7gUNrkFHBwGaCrfoN4a4dpq4a5t0XzzNUrSeAQ3', 87837819898778, 6, 'Павел', 10, 9397561466, 'BMW', 'Touareg', 'Серый', 'e103aa163', 'completed', 'Мишаня', '54.440855', '51.456615', '54.4333568', '51.4651792', 'Мичурина 23', 'Вокзальная 6', 139, 'Наличные', '2024-10-24 20:49:13', NULL, '', 0),
(392, '3Z3jLfHJOCfu6qhHHcNVEfLTKKlXSuHLERiO6SX9gDMhgvgoOlcxOyyd1sKoSWvY6', 87837819898778, 6, 'Павел', 10, 9397561466, 'BMW', 'Touareg', 'Серый', 'e103aa163', 'completed', 'Мишаня', '54.440855', '51.456615', '54.4333568', '51.4651792', 'Мичурина 23', 'Вокзальная 6', 139, 'Наличные', '2024-10-24 20:53:47', NULL, '', 0),
(393, 'aI6J2krwGA4xuwkQpATThykGGQ7Rthcb4ppXCfVSaDd6gWiEhUPcke9PELpykWNF3', 87837819898778, 6, 'Павел', 10, 9397561466, 'BMW', 'Touareg', 'Серый', 'e103aa163', 'completed', 'Мишаня', '54.440855', '51.456615', '54.4333568', '51.4651792', 'Мичурина 23', 'Вокзальная 6', 139, 'Наличные', '2024-10-24 20:54:25', NULL, '', 0),
(394, 'zuYgBV95oAZ9yVDDsJG6rS5ss7jp5XZ2uhSZnFsxHV35frUulYV1XkLmDhRwceVpG', 87837819898778, 6, 'Павел', 10, 9397561466, 'BMW', 'Touareg', 'Серый', 'e103aa163', 'completed', 'Мишаня', '54.440855', '51.456615', '54.4333568', '51.4651792', 'Мичурина 23', 'Вокзальная 6', 139, 'Наличные', '2024-10-24 20:55:24', NULL, '', 0),
(395, 'saaUDrBTfw6tT1IRpRCQXPFSq7pYXWRa17PRWYGa0ZKwlbkmRvWrlU8BwkKXJrj9e', 87837819898778, 6, 'Павел', 10, 9397561466, 'BMW', 'Touareg', 'Серый', 'e103aa163', 'completed', 'Мишаня', '54.440855', '51.456615', '54.4333568', '51.4651792', 'Мичурина 23', 'Вокзальная 6', 139, 'Наличные', '2024-10-24 20:56:11', NULL, '', 0),
(396, 'haz0bSbntoOrmY6RzCl4wyzwzzuolLeurEZMZitxXUbSbLOkxXzBHH2gHSqjKQB01', 87837819898778, 6, 'Павел', 10, 9397561466, 'BMW', 'Touareg', 'Серый', 'e103aa163', 'completed', 'Мишаня', '54.440855', '51.456615', '54.4333568', '51.4651792', 'Мичурина 23', 'Вокзальная 6', 139, 'Наличные', '2024-10-24 20:58:25', NULL, '', 0),
(397, 'vOzNDELT7MPEvyimvQ7ZiruDQKXReJtDUU3BdcjOBRM7pgqhgl5gWJAsCyl2uSEjH', 87837819898778, 6, 'Павел', 10, 9397561466, 'BMW', 'Touareg', 'Серый', 'e103aa163', 'completed', 'Мишаня', '54.440855', '51.456615', '54.4333568', '51.4651792', 'Мичурина 23', 'Вокзальная 6', 139, 'Наличные', '2024-10-24 21:05:08', NULL, '', 0),
(398, '5QJSpCpq5LDE1IbKa7RTsVcwJMRdBe1zvLZTe8g8vPE5DmM65mM32KnDKsFlVoH2N', 87837819898778, 6, 'Павел', 10, 9397561466, 'BMW', 'Touareg', 'Серый', 'e103aa163', 'completed', 'Мишаня', '54.440855', '51.456615', '54.4333568', '51.4651792', 'Мичурина 23', 'Вокзальная 6', 139, 'Наличные', '2024-10-24 21:06:03', NULL, '', 0),
(399, 'l1ibuLgTZpyVcBg9dATi7nu85ANJzc8u7q46quueqsjhhJqdcOGD4n8ZW4kL9mwDr', 87837819898778, 6, 'Павел', 10, 9397561466, 'BMW', 'Touareg', 'Серый', 'e103aa163', 'completed', 'Мишаня', '54.440855', '51.456615', '54.4333568', '51.4651792', 'Мичурина 23', 'Вокзальная 6', 139, 'Наличные', '2024-10-24 21:06:43', NULL, '', 0),
(400, 'tonbae9H8AI0tFVVqH7g6RkCBPPmVwiJe7dLCigidVEPFI0lj8EhoW5bmmOOAfVw6', 87837819898778, 6, 'Павел', 10, 9397561466, 'BMW', 'Touareg', 'Серый', 'e103aa163', 'completed', 'Мишаня', '54.440855', '51.456615', '54.4333568', '51.4651792', 'Мичурина 23', 'Вокзальная 6', 139, 'Наличные', '2024-10-24 21:07:38', NULL, '', 0),
(401, 'Up6ktwiDd3Xs81qMemTuu23xflxlCbVymZTNsA9PshzaJ2gNjXifQiUQcjrGREZbx', 87837819898778, 6, 'Павел', 10, 9397561466, 'BMW', 'Touareg', 'Серый', 'e103aa163', 'completed', 'Мишаня', '54.440855', '51.456615', '54.4333568', '51.4651792', 'Мичурина 23', 'Вокзальная 6', 139, 'Наличные', '2024-10-24 21:09:05', NULL, '', 0),
(402, 'ayMqoZXByO95gg6z5b0Rz9dQZUDenug32pykIQTyKnUWgVPz8K9eweXSvp6Mb8FMJ', 87837819898778, 6, 'Павел', 10, 9397561466, 'BMW', 'Touareg', 'Серый', 'e103aa163', 'completed', 'Мишаня', '54.440855', '51.456615', '54.4333568', '51.4651792', 'Мичурина 23', 'Вокзальная 6', 139, 'Наличные', '2024-10-24 21:09:34', NULL, '', 0),
(403, 'y7FemmrgJjGNovKyPCPfdZ6nUgFEqBSkk80RfcJ1A8VN4dIzAsEAzmjuPKpDx0EE7', 87837819898778, 6, 'Павел', 10, 9397561466, 'BMW', 'Touareg', 'Серый', 'e103aa163', 'completed', 'Мишаня', '54.440855', '51.456615', '54.4333568', '51.4651792', 'Мичурина 23', 'Вокзальная 6', 139, 'Наличные', '2024-10-24 21:11:35', NULL, '', 0),
(404, '23xbdIVwpi8pB2ieOsHqXLSYObjmEqXoyU6l3miwnaNDEhf9c3wFQwL6CsXOCXwyM', 87837819898778, 6, 'Павел', 10, 9397561466, 'BMW', 'Touareg', 'Серый', 'e103aa163', 'completed', 'Мишаня', '54.440855', '51.456615', '54.4333568', '51.4651792', 'Мичурина 23', 'Вокзальная 6', 139, 'Наличные', '2024-10-24 21:13:52', NULL, '', 0),
(405, 'tGsuWmnKNsVTmVt6HA9fwYvQ5ypRcTnlFRcm7aP6YQQNesurGWhJxFSwx3aqDphE9', 87837819898778, 6, 'Павел', 10, 9397561466, 'BMW', 'Touareg', 'Серый', 'e103aa163', 'completed', 'Мишаня', '54.440855', '51.456615', '54.4333568', '51.4651792', 'Мичурина 23', 'Вокзальная 6', 139, 'Наличные', '2024-10-24 21:18:12', NULL, '', 0),
(406, 'FikUufpcbdfhpdrmd2J6urR2fgWPYYwKhC9DrPVPZqocPiFJzuCM4rNY3g9DNJK3j', 87837819898778, 6, 'Павел', 10, 9397561466, 'BMW', 'Touareg', 'Серый', 'e103aa163', 'completed', 'Мишаня', '54.440855', '51.456615', '54.4333568', '51.4651792', 'Мичурина 23', 'Вокзальная 6', 139, 'Наличные', '2024-10-24 21:22:30', NULL, '', 0),
(407, 'q28mmCt4bDCkkikEYBiFOMh8LzEGhD5IwgsbHSUeV4QxH9Ilf62exx3lAq7X1oyPU', 87837819898778, 6, 'Павел', 10, 9397561466, 'BMW', 'Touareg', 'Серый', 'e103aa163', 'completed', 'Мишаня', '54.440855', '51.456615', '54.4333568', '51.4651792', 'Мичурина 23', 'Вокзальная 6', 139, 'Наличные', '2024-10-24 21:36:08', NULL, '', 0),
(408, '8K8Jtbhg2dkhmmeeXLiwlHMJPbteYD8ml1h4w9M5AbxVPciITbq44Br8SKCP6bSoz', 87837819898778, 6, 'Павел', 10, 9397561466, 'BMW', 'Touareg', 'Серый', 'e103aa163', 'completed', 'Мишаня', '54.440855', '51.456615', '54.4333568', '51.4651792', 'Мичурина 23', 'Вокзальная 6', 139, 'Наличные', '2024-10-24 21:37:39', NULL, '', 0),
(409, 'hqpEilEvqZH2z8nm37ijpy7tko8ZJCKYZfufmS7wNeh3sM8hYVxiMt5bPpp4AA9IZ', 87837819898778, 6, 'Павел', 10, 9397561466, 'BMW', 'Touareg', 'Серый', 'e103aa163', 'completed', 'Мишаня', '54.440855', '51.456615', '54.4333568', '51.4651792', 'Мичурина 23', 'Вокзальная 6', 139, 'Наличные', '2024-10-24 21:41:58', NULL, '', 0),
(410, 'c4evxiVuVNPvektZPZBndmUAXdVqmMXRLDxvSE3DAudiUTLFsQndAu9CCD6TbKaHm', 87837819898778, 6, 'Павел', 10, 9397561466, 'BMW', 'Touareg', 'Серый', 'e103aa163', 'completed', 'Мишаня', '54.440855', '51.456615', '54.4333568', '51.4651792', 'Мичурина 23', 'Вокзальная 6', 139, 'Наличные', '2024-10-24 21:43:57', NULL, '', 0),
(411, 'mDxKVxcMxLco8czf43RjRi70uBl7kJlDrOnhEgdO2JkQfHdgY4sVOWNNYpiiXiatB', 87837819898778, 6, 'Павел', 10, 9397561466, 'BMW', 'Touareg', 'Серый', 'e103aa163', 'completed', 'Мишаня', '54.440855', '51.456615', '54.4333568', '51.4651792', 'Мичурина 23', 'Вокзальная 6', 139, 'Наличные', '2024-10-24 21:53:35', NULL, '', 0),
(412, '7ypMB36p39oKis32qhXg2opXCrEldddfwc4727UjEiXeQ686wcR1w0lbQ4LPqsHTD', 87837819898778, 6, 'Павел', 10, 9397561466, 'BMW', '2112', 'Black', 'e103aa163', 'completed', 'Мишаня', '54.440855', '51.456615', '54.4333568', '51.4651792', 'Мичурина 23', 'Вокзальная 6', 139, 'Наличные', '2024-10-25 16:06:45', NULL, '', 0),
(413, 'rI2Nb8hzWXkzXyT9EyvH081ZMQ03U4IiJKoXQrfZXxTto50p790JtQcxvPNGzVuJR', 87837819898778, 6, 'Павел', 10, 9397561466, 'BMW', '2112', 'Black', 'e103aa163', 'completed', 'Мишаня', '54.440855', '51.456615', '54.4333568', '51.4651792', 'Мичурина 23', 'Вокзальная 6', 139, 'Наличные', '2024-10-25 16:29:54', NULL, '', 0),
(414, 'VYDeKFu1TNDVLbYTNtepbIdLfpcFa60Ht9NySjIR0edrc8axcywvu95z8yaklY2b4', 87837819898778, 6, 'Павел', 10, 9397561466, 'BMW', '2112', 'Black', 'e103aa163', 'completed', 'Мишаня', '54.440855', '51.456615', '54.4333568', '51.4651792', 'Мичурина 23', 'Вокзальная 6', 139, 'Наличные', '2024-10-25 16:55:15', NULL, '', 207),
(415, '5IJQd40CpBE9cerhYyXZ8P4NXygrkpQNyGT6QTFsMPpxVbcoeT4WOzUOm9AuQgCTg', 87837819898778, 6, 'Павел', 10, 9397561466, 'BMW', '2112', 'Black', 'e103aa163', 'completed', 'Мишаня', '54.440855', '51.456615', '54.4333568', '51.4651792', 'Мичурина 23', 'Вокзальная 6', 139, 'Наличные', '2024-10-25 18:54:19', NULL, '', 214),
(416, 'qr3zxpVu1JhJNyhtbiR9atbYCBKjl2VJSHFHRM5CR8i9wes7wV3kOg84HzK1HBxsw', 87837819898778, 6, 'Павел', 10, 9397561466, 'BMW', '2112', 'Black', 'e103aa163', 'completed', 'Мишаня', '54.440855', '51.456615', '54.4333568', '51.4651792', '', 'Вокзальная 6', 139, 'Наличные', '2024-10-26 07:10:16', NULL, '', 213),
(417, 'smCJWfq4R3oJcytBioLe2sUlW1g7hxV8JZJ8ZLs6Jqnku82iTyOxi5IWCcCgwtxKn', 87837819898778, 6, 'Павел', 10, 9397561466, 'BMW', '2112', 'Black', 'e103aa163', 'completed', 'Мишаня', '54.440855', '51.456615', '54.4333568', '51.4651792', 'Мичурина 23', 'Вокзальная 6', 139, 'Наличные', '2024-10-26 07:11:04', NULL, '', 187),
(418, 'D2QyPLOQbreobDt8Z9E8uYBhtoOkGb51Gkfy8syJXwczYv6lUVPsyzI5Rwv4uj0c8', 87837819898778, 6, 'Павел', 10, 89397561466, 'BMW', '2112', 'Black', 'e103aa163', 'completed', 'Мишаня', '54.440855', '51.456615', '54.4333568', '51.4651792', 'Мичурина 23', 'Вокзальная 6', 139, 'Наличные', '2024-10-26 08:48:08', NULL, '', 91),
(420, 'IuEHS7sC5YAXw2TomuLQMGOURoeiLNb9qODEHAyCjprJRR6g9BbfLd5UkarSjblRy', 89397561466, 10, 'Мишаня', 6, 87837819898778, 'Тачка', 'Прокачка', 'Black', '111', 'completed', 'Павел', '54.437193', '51.46614984346883', '54.440855', '51.456615', 'улица Крупской 29', 'Мичурина 23', 80, 'Перевод', '2024-10-26 15:26:12', NULL, '/users/Cos34BEIT5Y.jpg', NULL);

--
-- Индексы сохранённых таблиц
--

--
-- Индексы таблицы `accounts`
--
ALTER TABLE `accounts`
  ADD KEY `UserId` (`UserId`),
  ADD KEY `ActiveOrder` (`ActiveOrder`),
  ADD KEY `ActiveOrder_2` (`ActiveOrder`);

--
-- Индексы таблицы `eatProducts`
--
ALTER TABLE `eatProducts`
  ADD PRIMARY KEY (`ProductId`),
  ADD KEY `RestauranId` (`RestaurantId`);

--
-- Индексы таблицы `eatRestaurants`
--
ALTER TABLE `eatRestaurants`
  ADD PRIMARY KEY (`RestaurantId`);

--
-- Индексы таблицы `eatUsers`
--
ALTER TABLE `eatUsers`
  ADD PRIMARY KEY (`UserId`);

--
-- Индексы таблицы `orders`
--
ALTER TABLE `orders`
  ADD UNIQUE KEY `id` (`id`);

--
-- AUTO_INCREMENT для сохранённых таблиц
--

--
-- AUTO_INCREMENT для таблицы `accounts`
--
ALTER TABLE `accounts`
  MODIFY `UserId` int(11) NOT NULL AUTO_INCREMENT, AUTO_INCREMENT=11;

--
-- AUTO_INCREMENT для таблицы `eatProducts`
--
ALTER TABLE `eatProducts`
  MODIFY `ProductId` int(11) NOT NULL AUTO_INCREMENT, AUTO_INCREMENT=6;

--
-- AUTO_INCREMENT для таблицы `eatRestaurants`
--
ALTER TABLE `eatRestaurants`
  MODIFY `RestaurantId` int(11) NOT NULL AUTO_INCREMENT, AUTO_INCREMENT=2;

--
-- AUTO_INCREMENT для таблицы `eatUsers`
--
ALTER TABLE `eatUsers`
  MODIFY `UserId` int(11) NOT NULL AUTO_INCREMENT;

--
-- AUTO_INCREMENT для таблицы `orders`
--
ALTER TABLE `orders`
  MODIFY `id` int(11) NOT NULL AUTO_INCREMENT, AUTO_INCREMENT=421;

--
-- Ограничения внешнего ключа сохраненных таблиц
--

--
-- Ограничения внешнего ключа таблицы `eatProducts`
--
ALTER TABLE `eatProducts`
  ADD CONSTRAINT `eatproducts_ibfk_1` FOREIGN KEY (`RestaurantId`) REFERENCES `eatAccounts` (`RestaurantId`) ON DELETE CASCADE ON UPDATE CASCADE;
COMMIT;

/*!40101 SET CHARACTER_SET_CLIENT=@OLD_CHARACTER_SET_CLIENT */;
/*!40101 SET CHARACTER_SET_RESULTS=@OLD_CHARACTER_SET_RESULTS */;
/*!40101 SET COLLATION_CONNECTION=@OLD_COLLATION_CONNECTION */;
